01_kic,02_period,03_amplitude,04_power,05_peak,06_noiseLev,07_snr
1161345,7.9916423855,0.0043033375,8501.3377685738,1,0.0002878097,29.9040472088
1718958,9.4220133014,0.001018876,4711.2357124755,1,0.0002084487,9.7757944659
1865864,21.3398732899,0.0044377615,5842.70048497,1,0.0011399458,7.7859168604
2161536,27.3996649827,0.0013200814,3594.6519091562,1,0.0011713855,2.2538805285
2438513,13.2680803925,0.0035081471,6197.859709674,1,0.0004026924,17.4234590293
2556650,28.3579448297,0.0015088024,5567.4534101212,1,0.001363303,2.213451227
2569488,47.7998531474,0.0028751326,5847.4254166205,1,0.0004448159,12.9272936981
2832589,21.4630721438,0.0026501665,7679.3366091042,1,0.001057689,5.011239418
2850321,8.8688915828,0.0004801031,7184.2307996499,1,0.000116872,8.2158795974
2861126,16.1016106636,0.0022302211,5261.1581282788,1,0.0013507703,3.3021471819
3109550,29.9686597295,0.0006922029,3321.8834354763,1,0.0001340127,10.3304109232
3122913,23.4393282259,0.0021437518,6107.2442479871,1,0.0014898408,2.8778265542
3128793,67.154393695,0.0814056802,16728.991143578,1,0.0019050167,85.4645299728
3219995,12.8476136015,0.0011026435,5364.2169575643,1,0.000470319,4.6889175483
3326377,19.1032580169,0.004015556,6974.3619765783,1,0.0004703666,17.0741533679
3342467,12.4884956374,0.0054351444,8763.6719677057,1,0.0006311042,17.2242366719
3354846,19.1369232604,0.0048909983,6754.5285162525,1,0.0012145053,8.0543055174
3425851,7.8690452968,7.94846352919991E-005,8365.630605308,1,6.05043123934759E-005,2.62740397
3426367,33.3724601708,0.0011693797,4870.6014734586,1,0.0004834139,4.838006182
3433668,9.024931971,0.0009149582,3384.2430491324,1,0.0002110503,8.6705231857
3440118,4.6839952385,0.0079073013,10948.0124516604,1,0.0005016679,31.5240476874
3441795,26.4400157024,0.0017887643,4219.1878332898,1,0.0008427009,4.2453122943
3444588,36.6705743558,0.0020596575,7394.7450804046,1,0.0012907785,3.191341439
3542928,18.1981155926,0.000725283,2071.6856064881,1,0.0002909481,4.985651338
3546821,6.8841864865,0.0019880164,5211.3032039764,1,0.0002135593,18.6179337134
3642335,14.3946894706,0.0022321882,12372.1035098812,1,0.0009798323,4.5562658019
3642741,12.4176591764,0.0011088391,2656.5075519965,1,0.0005525154,4.0137850819
3657758,10.5925720723,0.0069855519,7064.1539579286,1,0.0011031601,12.6646202126
3728432,18.679466056,0.0057803716,14718.4891907336,1,0.0010773248,10.7309724332
3734418,11.360837449,0.0054225452,17196.3302646264,1,0.0003733554,29.0476301026
3745559,8.5117936023,0.0015446951,3279.9184413332,1,0.0004368328,7.0722483039
3849187,13.8559070612,0.0047738657,5188.434828491,1,0.0009509362,10.0403487947
3941219,2.0451491871,0.0001340225,13666.4859883415,1,0.000078146,3.43005736
3953106,14.8717279966,0.0222229966,1524.3836843804,1,0.0026033604,17.0725470217
3970397,15.5112049696,0.0007300245,3824.9766942173,1,0.0001296829,11.2586077844
4035640,18.5214335543,0.0062659178,12490.4322764417,1,0.000634705,19.7443456061
4044005,12.5323488633,0.0002568907,1604.4296599333,1,0.000150008,3.4250256729
4047631,26.6654490354,0.0012176241,5880.5794529498,1,0.0003866947,6.2975991864
4049131,23.4393293223,0.0061884087,12728.5847124349,1,0.000764817,16.1827183406
4055304,17.9298389015,0.0078648593,10329.7786574579,1,0.0004593423,34.2440014678
4056616,14.9437220262,0.001917681,8945.4820704214,1,0.0002168349,17.6879334832
4068391,11.9174926854,0.0038573008,5918.9072918484,1,0.0007618489,10.1261567148
4140813,19.2884001436,0.0020691246,5783.1239557984,1,0.0009276563,4.460972308
4142847,23.5401441054,0.0022543232,6027.329869178,1,0.0008846405,5.0965857646
4144238,3.7378067065,0.0010321531,3449.7878261045,1,0.0003042189,6.7855960779
4144576,26.7960022872,0.0045964804,8300.7095408754,1,0.0003550208,25.8941463797
4150804,29.0222814184,0.0005410792,2163.6419768916,1,0.0001676758,6.4538735374
4242147,16.435456449,0.0019126686,7728.9579534797,1,0.0005762284,6.6385786343
4242806,21.5475732917,0.001324693,4426.5855386537,1,0.0003886454,6.81697561
4243911,31.1413006968,0.0017012724,3833.9064272542,1,0.0005470851,6.2194073155
4263529,15.7953342653,0.0092128032,13793.2096746025,1,0.0004334429,42.5098860601
4346178,33.1200219272,0.0108556463,13324.4489427226,1,0.0007126139,30.4671190809
4370527,19.6696614073,0.0015150465,3200.2541792274,1,0.000953359,3.1783335015
4449752,29.4485103049,0.0005323362,5382.7071754226,1,0.0001698226,6.2693190684
4473613,10.1447326663,0.0022843632,4525.6637311594,1,0.0005331669,8.5690366004
4552729,21.8051134569,0.0050569774,7518.8002841041,1,0.0005269671,19.1927618577
4647949,7.0181328709,0.0003536685,1786.2132586879,1,0.0002751542,2.5706927995
4736569,20.3498144163,0.0109967527,13811.9734355956,1,0.0008397586,26.1902707643
4740375,5.9425444802,0.0012821038,12246.3992158642,1,0.0004856395,5.2800640001
4750669,20.3649613338,0.001728267,3191.8197815058,1,0.0007243529,4.7718919316
4770365,26.6481652618,0.0049167865,7507.575495263,1,0.0017406762,5.6492832893
4827723,22.7144264187,0.002037303,5321.6951478326,1,0.0002019938,20.1719312292
4832837,28.9581134136,0.0017572814,4670.5364330851,1,0.0005008677,7.0169490403
4840672,13.5556244111,0.001449406,11065.8165664048,1,0.000757923,3.8246786099
4913852,34.260303836,0.0027472298,6347.2487036054,1,0.0009983268,5.5036684788
5080636,34.4552286678,0.0041426926,9742.1988718873,1,0.0004806141,17.239164148
5088400,11.9866970469,0.0072338486,7860.7082550193,1,0.000647896,22.3302762756
5088591,7.6015049788,0.0058490664,9917.478429299,1,0.0005044806,23.1884668471
5130563,6.0564010334,0.0030483528,13043.2971459002,1,0.0003486792,17.4851425108
5174858,27.9953126047,0.0020708548,5765.8207651307,1,0.0006929934,5.9765493883
5175986,10.5694291072,0.0056007291,11552.9142445749,1,0.0009802541,11.4270966838
5184911,12.6912080695,0.0067867064,18283.0941311709,1,0.0005667647,23.9489386448
5209845,20.4844152262,0.0034321996,6737.0744995387,1,0.0013467264,5.0970998201
5353137,19.3224487442,0.0023332352,8914.844976536,1,0.0006192825,7.5352860308
5360920,20.0479249392,0.0011425716,2858.8710737204,1,0.0008746311,2.6126938889
5364090,37.5756969743,0.0004301969,2156.3165563348,1,0.00019906,4.322283557
5384713,20.3460346396,0.0070649114,20823.8110646511,1,0.000364576,38.756867269
5436338,23.5044534476,0.0067869853,16061.050838654,1,0.0009527436,14.2472436877
5440651,4.990274537,0.0083768401,14603.7029847574,1,0.0015420084,10.8648437535
5443320,10.2974291017,0.0011671116,2688.7752138255,1,0.0006837942,3.4136340926
5443837,4.1376553122,0.0029242063,6362.1314399225,1,0.000546485,10.7018728156
5526527,9.1791758428,0.0120701412,10424.4420281808,1,0.0007593807,31.7894343252
5529385,16.9799340501,0.0003112658,2485.260643127,1,0.0001794863,3.4684081241
5534814,12.1489089996,0.0010878297,4112.4436416907,1,0.0007588148,2.8671812643
5612111,9.8436755965,0.002368614,4026.7820776646,1,0.0005125142,9.2431165054
5617854,28.919860296,0.0005853578,2979.0202232895,1,0.0003991465,2.9330478572
5644412,7.4916786394,0.016376538,13325.4941794065,1,0.0011204485,29.2321122279
5705819,18.6001139922,0.0011364835,3567.5115260393,1,0.0009510033,2.3900725372
5780930,14.33682694,0.0019846304,8360.3772886912,1,0.0003604986,11.0104746238
5781991,15.7272519387,0.0016778673,11843.0604225466,1,0.0004156691,8.0730904424
5786676,76.3215723969,0.0002967863,1233.5163851158,1,0.0002428977,2.4437135996
5865654,14.2342879315,0.0004353266,3678.7371442142,1,0.0003685046,2.362665928
5871985,27.6767819337,0.0018045956,5170.7675836965,1,0.0006254623,5.770438106
5895158,6.5585181806,0.0049506872,10124.4545226554,1,0.0005519878,17.937668861
5903749,19.669661713,0.0016207172,4298.9477894775,1,0.0006286557,5.1561362528
5905728,9.2057320738,0.0019039491,5947.054393489,1,0.0001406032,27.0825854998
5906426,24.9343205427,0.0007830073,3434.669292313,1,0.000523298,2.9925864997
5938970,15.1534691923,0.0007437491,4451.7927898677,1,0.0003822498,3.8914300725
5953297,12.5242189488,0.0023449926,6689.6128570687,1,0.0003248561,14.4371163651
5980208,16.1091491421,0.0012061109,4177.3781844774,1,0.0005963455,4.0450072948
5989391,3.1136270565,0.0008274494,22513.935975803,1,0.000134275,12.3246991876
6029239,15.6988859721,0.0002276202,1391.3439549574,1,0.0001346022,3.3821153735
6034945,17.3886694223,0.0024150312,5324.453876889,1,0.0004264316,11.326700447
6036286,53.3959383775,0.0049300856,12211.2250173462,1,0.0007703427,12.7997200918
6041734,10.5744868075,0.0027410918,4287.6411631047,1,0.0006531115,8.3939471946
6061773,16.3870239104,0.0079974156,13922.0497419903,1,0.0003100146,51.5938068668
6065010,8.0382413095,0.0004646011,2426.3900220878,1,0.0001779514,5.2216621015
6106282,17.624957616,0.0024583488,13423.0393587504,1,0.0006479745,7.5877945152
6143819,19.6665444587,0.0027623309,4461.503998241,1,0.0003242462,17.0384779718
6153407,18.457685467,0.0005799677,1850.024879283,1,0.0001294217,8.9624512186
6195792,13.3090097652,0.0019832588,5471.033782629,1,0.0009967313,3.9795254822
6198999,24.9912497709,0.0041182397,9237.2048076918,1,0.0006997511,11.7705852292
6226290,13.5441767069,0.0025495603,6021.1896312899,1,0.0008462129,6.0258132944
6285906,15.0256242324,0.0040445521,5093.3082152733,1,0.0006819109,11.8624061488
6347434,15.0787166174,0.0012655559,4432.3622534335,1,0.0010838591,2.3352773978
6356207,19.7024144714,0.0031545473,3131.876838122,1,0.0008146167,7.7448627894
6392727,7.6253339545,0.0041095116,5900.2169815613,1,0.0009170422,8.9625352264
6428794,24.1370844087,0.0020698546,7349.4610775638,1,0.0003862758,10.7169775022
6435936,20.1958810104,0.0059047562,17720.7066826301,1,0.0010783087,10.9518849519
6436029,25.4163831131,0.0044178467,9222.7804447709,1,0.000918555,9.6191227152
6438099,18.5214339542,0.0021382254,5631.8288447373,1,0.0009720233,4.3995354149
6468904,5.4242650837,0.0086961936,11141.8339660383,1,0.0007070802,24.5974751538
6497146,37.6156986191,0.0026465435,8976.1828927079,1,0.0005392921,9.8148798707
6520753,9.1388947182,0.0086046883,16595.9038122713,1,0.0011612094,14.820217999
6522124,11.2038560622,0.0020184684,6966.9335353141,1,0.0006503052,6.2077568784
6523351,25.1217934085,0.0006681199,3757.4113197802,1,0.0001715108,7.7909931522
6548429,7.7248884898,0.0014253903,5236.2854026813,1,0.0006425979,4.4363365628
6586746,23.5128564961,0.0052317642,12314.0482852943,1,0.0006922747,15.1147061708
6599919,17.4998681559,0.0057946095,10696.9458961755,1,0.0006441494,17.9915066379
6606438,15.3168770007,0.0009669267,4005.513687878,1,0.0008258276,2.3417157443
6609270,27.8067240631,0.0026583234,4146.3302870581,1,0.0008980565,5.9201693049
6612411,8.4606576766,0.0051540139,28783.2822180103,1,0.0001640152,62.8480219528
6629332,4.2558969852,0.0062943046,11425.8273562622,1,0.0019016909,6.6196925904
6634112,10.0654409342,0.0043222376,14447.241252146,1,0.0008311293,10.4008790687
6665512,16.1328936299,0.0018277217,8172.7564560253,1,0.0006772338,5.3976089514
6666233,25.8469144815,0.0013925041,2945.8471682084,1,0.0006412221,4.3432816202
6675060,6.362074369,0.0116611775,9526.9483263105,1,0.0027892338,8.3615634477
6675757,24.3518751126,0.0003772675,2007.6838882615,1,0.0002701499,2.7930241097
6677415,11.5587832998,0.004555479,16546.0701664395,1,0.0010096612,9.0237772061
6679295,17.8134012836,0.0046793813,14335.1088245256,1,0.0010145845,9.2242317319
6690836,21.5900738301,0.0030574255,6751.5801585277,1,0.0006065016,10.0821683531
6695801,10.093284776,0.0040015351,6378.8674307709,1,0.000446402,17.927946066
6697605,11.5687228499,0.0013254784,2449.9223804002,1,0.0009978817,2.6565842998
6705142,9.4168096792,0.0031194624,6380.6018134065,1,0.0012133404,5.141940855
6717252,16.8922331198,0.001131136,5064.1369326264,1,0.0002914115,7.7631521858
6773862,24.8212415708,0.0019284805,7883.4571699498,1,0.0006131525,6.2903783167
6774537,29.2678276233,0.00135056,4907.5355878805,1,0.0006252468,4.3200857548
6776401,21.2753498077,0.0021822467,5786.222720246,1,0.0004659612,9.3666451617
6779726,9.098614348,0.0026290567,5210.4528726123,1,0.000790483,6.6517730765
6862721,9.2217080778,0.0047320526,6894.7775059357,1,0.0008714906,10.859675469
6863998,23.0931803195,0.0023020166,6332.2333141576,1,0.000584191,7.8810415803
6864891,29.3070079094,0.0016014088,5038.592836762,1,0.0010481261,3.0557561126
6867155,28.6924440082,0.008179812,15355.7076526139,1,0.0006059354,26.9989563553
6869184,17.740951979,0.0035171839,11491.4707473236,1,0.0008325192,8.4494965766
6879865,12.0023763187,0.0009539891,5807.7136722862,1,0.0004840401,3.9417774526
6880517,24.1918796318,0.0020990496,3613.707366201,1,0.0012547826,3.3456785973
6921944,13.3980030501,0.0017341812,5966.2161065483,1,0.0009128295,3.7995732646
6922203,20.7313796622,0.0011152717,3505.3849068126,1,0.0006718858,3.3198249905
6922710,13.9072734459,0.0003509091,2060.6222907825,1,0.0001229086,5.7100835964
6939913,12.7503409694,0.0033968707,5322.3465892638,1,0.0005762664,11.7892371303
6973796,3.1173423999,0.0043666407,14500.8770316944,1,0.0013111945,6.6605536955
7031517,5.5409605558,0.0016330707,2976.2049323647,1,0.000818163,3.9920424427
7032421,19.4771665067,0.0027025569,10201.9767516962,1,0.0004614143,11.714232394
7045496,14.3274441426,0.0075706545,7031.5315010298,1,0.0006412029,23.6139138472
7047363,27.5029329075,0.0015000141,3942.1706491521,1,0.0009547382,3.1422521767
7047824,21.6431837093,0.0059129125,10666.3368315377,1,0.0007100137,16.6557710605
7093401,11.6263073804,0.0036260238,5257.950412542,1,0.0010031717,7.2291188846
7094486,18.1830039199,0.0026774226,10951.4828069746,1,0.0008562167,6.2540768427
7101726,4.0171631442,0.0022763684,3111.6740955381,1,0.0005913157,7.6993334373
7130612,16.0404360338,0.0027004425,1064.5429092499,1,0.0014542686,3.7138152753
7131760,18.4123924501,0.0047250107,10442.8339051124,1,0.0006822197,13.8518732255
7138841,9.4059422707,0.0017126305,7390.3498418936,1,0.0002094396,16.3544081816
7176424,20.346037951,0.0057394799,6773.5020785085,1,0.0007991024,14.3648177997
7191523,20.3839251285,0.0006734193,2239.4620270104,1,0.0002915723,4.6192263042
7215678,14.5560735862,0.0003603173,1795.1099195912,1,0.0003530351,2.0412551601
7380537,9.0054852834,0.0071472569,8292.0055741482,1,0.0030765622,4.6462619662
7382313,15.3630418881,0.0019262999,6342.0981184291,1,0.0005142824,7.4912150812
7386827,18.9708271996,0.0028381102,8764.3492087225,1,0.0004963126,11.4367851401
7416646,28.4973333084,0.0003905801,1747.3089409882,1,0.0002189361,3.5679829416
7427764,11.6572610969,0.0023699184,5233.1045696647,1,0.0007245924,6.541383779
7428736,15.5817339905,0.0046192169,7249.3713144289,1,0.0004321853,21.3760948965
7430034,18.7081725083,0.0002726958,4819.125923007,1,0.0001934062,2.8199274177
7456380,21.2546941293,0.0004287084,2174.9479615414,1,0.0003758995,2.2809738526
7458433,2.8969610821,0.0012651394,3886.4256908242,1,0.0003390641,7.4625379285
7550875,13.1249009294,0.0030833239,4604.0262215507,1,0.0006701875,9.2013769607
7609553,20.8896329848,0.0059797706,9457.5237033173,1,0.0004878339,24.5156030388
7659389,10.8461101048,0.0039555323,6217.5616692735,1,0.0011958646,6.6153516673
7661065,19.7762757503,0.0023901724,5222.1232099369,1,0.0006530057,7.3205257008
7678434,23.3892475952,0.001119399,3217.9365575504,1,0.0006435176,3.4790002467
7697568,19.2058886603,0.0028167237,5497.1874557726,1,0.0009492043,5.9349159128
7747197,23.6930042035,0.0025350141,5607.1922265375,1,0.0008745758,5.7971283465
7763269,4.8311653194,0.0010874013,1621.0187350605,1,0.0003768033,5.7717190371
7767559,5.1007304367,0.004544071,3236.909949103,1,0.0012167751,7.4690402228
7769819,23.5181786711,0.0011189211,2839.6712999141,1,0.0008010151,2.7937577358
7771181,13.0564726723,0.0019913419,12702.5999874797,1,0.0007725906,5.1549729636
7779077,11.4022576796,0.003299773,5833.8379333083,1,0.0004804474,13.7362507392
7811397,21.9142505207,0.0019532725,3313.5999255019,1,0.0010244909,3.8131575658
7826620,12.954044634,0.0019833385,6197.1446897464,1,0.0006232797,6.3642006579
7832356,15.4570417773,0.0024089867,4171.7315800597,1,0.0006299075,7.6487000299
7838675,6.1790389632,0.0090520683,15437.412901069,1,0.000552023,32.7959807632
7870032,15.9332877852,0.0018446762,4292.1153011154,1,0.0003683353,10.0162883835
7935997,7.4516676598,0.0014602489,3635.7498330244,1,0.0002313976,12.621125073
7955580,20.2519296829,0.0007145467,3928.6971056371,1,0.0005823533,2.453996946
8015907,19.2206643308,0.001886391,4049.8993411966,1,0.0002982102,12.651416903
8016691,14.4699193924,0.0023079197,7016.7901427179,1,0.0006823008,6.7651092362
8018547,15.8181621798,0.0021267691,6794.4969796484,1,0.000876425,4.8532826474
8036287,19.5641961347,0.0038433128,7192.7850870058,1,0.0004190493,18.3430096031
8075618,7.9348813692,0.0035623473,5656.7443930978,1,0.0017801358,4.0023321422
8098212,14.9435739564,0.0054958212,7990.5179980841,1,0.0004158143,26.43401638
8107611,13.812199029,0.0002267835,4677.961826981,1,0.0002184484,2.0763113238
8110767,19.9135711405,0.0044276297,7312.3648305311,1,0.0009401468,9.4190172508
8142942,26.6330144807,0.002212427,5082.063704397,1,0.0003093599,14.3032560128
8179747,15.1819246731,0.0039374966,4743.424579771,1,0.001312541,5.9998075909
8183288,23.5908785279,0.0015910083,5455.3424306124,1,0.0003383276,9.4051350528
8192427,2.9260991045,0.0003657975,18184.5210033254,1,0.0001754376,4.1701155184
8216763,35.8890774986,0.001736285,5906.5173025952,1,0.0005409435,6.419469237
8218379,26.4400206073,0.0007374695,3550.9482857495,1,0.0003854235,3.8268013035
8229458,14.9232012039,0.0037097025,12526.0752472444,1,0.0004721371,15.7145151277
8231667,22.6301701911,0.0037994902,5779.5332665962,1,0.0009322922,8.1508569955
8234889,9.4241652618,0.0045122172,9097.7187321183,1,0.000825522,10.9317916784
8256044,16.0344085604,0.0017121714,3644.1896017239,1,0.001333552,2.5678360352
8261920,11.5485026097,0.0026993776,9990.2097943794,1,0.0011495465,4.6964217634
8282846,20.421956458,0.0053616612,9633.8550911999,1,0.0006324159,16.9561234253
8331612,8.1575162141,0.0047241349,4523.1831645998,1,0.0015654242,6.0355972028
8345384,17.4087894581,0.0007333778,3622.7872522357,1,0.0001183509,12.3932807909
8346392,17.9887737584,0.0023255172,10064.4629118465,1,0.0012680343,3.6679090238
8351919,32.1946133582,0.0009476304,4695.4385842642,1,0.0003444849,5.5017236223
8360640,12.8930131771,0.0043048684,4911.2310654511,1,0.0004343794,19.8207770109
8364969,7.8382872057,0.002218468,4163.9077391771,1,0.000991769,4.4737594842
8424002,9.4827754424,0.0029737345,4878.726991124,1,0.0002737397,21.7267337927
8426567,12.7652107178,0.0024654647,4912.8068280935,1,0.0003986071,12.3703995072
8439618,15.224155615,0.0013111935,2915.0780804446,1,0.0007653095,3.4265705793
8459663,12.1611728939,0.0058545374,17087.923916583,1,0.0014274581,8.2027451536
8505920,20.4219549786,0.0010426561,3388.9673317383,1,0.0004890322,4.2641610773
8507475,10.9872034836,0.0040718915,6667.4446471572,1,0.0009927187,8.2035150526
8509442,15.1949662324,0.0015639253,5814.152977721,1,0.0010429175,2.999135043
8546464,25.0484408206,0.0045423031,14803.7410166362,1,0.001008903,9.0044395103
8574794,21.0908821312,0.000459104,2145.3876540894,1,0.0004400723,2.0864936485
8575061,21.0173750652,0.0018844639,4237.4302520889,1,0.0007931343,4.7519415794
8591173,11.3080244507,0.0041323343,12297.8218271211,1,0.0005284103,15.6406273888
8639908,11.0011737416,0.0033982133,4577.5835008551,1,0.0007622355,8.9164396129
8644911,15.1668222102,0.0028332659,6921.1862032178,1,0.0011463028,4.9433113516
8655076,22.0688864996,0.0035980338,8056.2779725344,1,0.0006758021,10.648187681
8672910,18.1981194273,0.0024931141,4512.2302916244,1,0.0005714562,8.7254769077
8676148,17.5172929779,0.0015287723,3355.4306869833,1,0.0009192234,3.3262257258
8678664,17.9147433164,0.0026850987,4020.6442897728,1,0.0009701037,5.5356944086
8715589,16.3864786836,0.0016563825,3058.8981158534,1,0.0004093773,8.0922060992
8747910,23.5654862917,0.0012996462,5675.0333867648,1,0.0004934887,5.2671772265
8802693,22.1582366167,0.0009982646,2752.2507681526,1,0.0007053713,2.8304657374
8804845,17.9887736546,0.0022670899,4084.155357907,1,0.0003513071,12.9066000272
8822216,18.840220605,0.0010025646,2802.3600587631,1,0.0004540309,4.4162835768
8826878,22.8282962718,0.0018803326,5023.9695839838,1,0.00063825,5.8921503816
8832512,9.5225471626,0.0053898332,9927.5921544244,1,0.0005535363,19.4741824424
8845205,51.2701068358,0.0029594801,11644.6019581621,1,0.0006430978,9.2038260354
8884274,11.6193671153,0.0026621673,3717.8584714573,1,0.0011974595,4.4463588831
8905246,7.7936404025,0.0048773545,7921.0995450328,1,0.0003727666,26.1684081323
8946267,13.0389142241,0.0026308188,5239.8299440534,1,0.0007401518,7.1088630557
8956206,16.9839693282,0.0080390833,13682.6325952063,1,0.0009179971,17.5143988153
9008125,88.9392589493,0.0191086154,18252.6768093582,1,0.0002951287,129.4934351445
9008220,14.8322070187,0.0027352637,8204.4808449462,1,0.0004480925,12.2084778603
9011877,29.664413649,0.0027440601,5015.7057957304,1,0.0002787033,19.6916201103
9012244,8.1505351012,0.0017311439,7788.1334014649,1,0.000261558,13.2371716347
9044228,37.3589350578,0.0004561555,3037.8942567832,1,0.0003444189,2.6488417877
9047416,6.1024339406,0.0056940462,1353.0312466158,1,0.0005271981,21.601163651
9049550,16.2988950999,0.0018758333,892.3282835669,1,0.0005356824,7.0035273263
9049697,13.2680823244,0.0018706557,8736.997825107,1,0.0007689518,4.8654691812
9114614,22.9961511944,0.0016295885,6090.4021224292,1,0.0004892289,6.6618646906
9116075,35.0828891998,0.0006343035,2797.9083705446,1,0.0002747626,4.6171019823
9118858,7.4907017528,0.0005563798,2451.908423105,1,0.0003134481,3.5500603598
9137257,32.6751317628,0.000616488,2650.3683895846,1,0.0003354309,3.6757974526
9153570,16.5976776958,0.0040026301,4983.6158700625,1,0.0010567648,7.5752524423
9183378,15.1190165148,0.0013114318,4464.4780547354,1,0.0003452764,7.5964167861
9214942,30.4483129588,0.0016742625,5162.7353096113,1,0.0008037842,4.1659500429
9216231,22.7334755577,0.0022662289,7523.7728829988,1,0.0010975152,4.1297450173
9244756,12.7281022987,0.0019914984,4698.5367562485,1,0.0007607503,5.2356161526
9266431,21.070585274,0.0015565374,5598.3353924215,1,0.0002296066,13.5582963118
9269042,23.4393338677,0.0009478912,3976.7580855598,1,0.0006782414,2.795144148
9278725,16.9708038904,0.0049791156,11806.105519861,1,0.0007219731,13.7930769511
9279354,21.8268564455,0.0043885737,7287.2756158672,1,0.000741641,11.8347649096
9334893,18.1378106382,0.0022054207,7047.6692620604,1,0.0002725286,16.1848746226
9336200,15.8870372781,0.0068740587,9230.7819985774,1,0.0009795405,14.0352716744
9345933,19.8120694868,0.0018083237,4853.2721776832,1,0.0009514138,3.8013400514
9351316,12.7355070129,0.0051394185,11323.8218136076,1,0.0008617541,11.9278079441
9353314,18.1378098308,0.0036750836,13401.0184738928,1,0.0004631958,15.8683798372
9388479,34.8604113978,0.0027378094,4504.6314949392,1,0.0006061532,9.0333906655
9394762,10.1072658,0.0017044749,3815.5354934317,1,0.0004065162,8.3857663226
9415108,17.7841889163,0.0018532324,3733.8216184906,1,0.000542051,6.8378521501
9418508,9.9047389256,0.0073091065,1391.0125466006,1,0.0004780463,30.5790709281
9455325,20.0112776847,0.0020727475,5459.5062295102,1,0.0002548468,16.2666129559
9456281,16.0973071023,0.0025711351,7806.4420441737,1,0.0006631235,7.7546188493
9459162,7.8859264314,0.0002852322,5176.1772223123,1,0.0001619886,3.5216325333
9472074,29.9075638646,0.0013680783,3786.4793843151,1,0.0008114861,3.3717849321
9594184,12.3806634353,0.003972357,5717.0294880775,1,0.0017454643,4.5516335513
9596089,6.5164607564,0.0178028822,1788.2213060981,1,0.0025570594,13.9244963558
9597058,12.8237999786,0.0056098455,8057.359514839,1,0.000353502,31.7386911487
9597806,18.7291937427,0.0016236035,5526.0846562964,1,0.0007034563,4.6160750701
9631762,20.8498464866,0.0027591686,7531.6309922908,1,0.0004122215,13.3868261904
9634821,10.8082470638,0.0028430027,3522.7457416724,1,0.0006094559,9.3296415041
9635606,11.0903436679,0.001630841,7788.652316517,1,0.0004897798,6.6594863995
9645188,12.6107934735,0.0039362033,5012.5907470544,1,0.0006191028,12.7158311188
9659022,12.6912097333,0.0048403362,8650.7895061042,1,0.0007525189,12.86435844
9702006,18.0928412416,0.0030077697,8636.1029336988,1,0.0007124525,8.4434247297
9702072,25.7556916442,0.0005019274,2362.2131183121,1,0.0002156964,4.6540180445
9712350,19.5292927669,0.0027522583,4760.6590679282,1,0.0009950533,5.5318811301
9761573,7.3738347362,0.000285098,568.188083882,1,0.0002772379,2.056702882
9763612,11.2823204365,0.0026531179,7064.0661402273,1,0.0002206416,24.049113604
9780149,2.5062821576,0.000148013,319.7247018808,1,0.0001196468,2.4741652633
9823487,21.8268573654,0.0018951449,5945.0221073545,1,0.0007533255,5.0314101603
9838949,28.4685787251,0.0006347406,2545.1539749511,1,0.0004801382,2.6439913817
9839821,13.4639218912,0.002408031,4300.1105892436,1,0.0005071044,9.4971805948
9845362,17.7283939659,0.0014479604,2406.8109434853,1,0.0011358334,2.5496000375
9872283,18.5843287332,0.0037729338,8193.236775897,1,0.0003584486,21.0514659358
9881077,23.1175694254,0.0041275148,7737.5930341958,1,0.0008744453,9.4403039517
9881660,24.7066109644,0.0043833119,8909.9191401107,1,0.0010901679,8.0415354826
9883606,14.2342899894,0.00161774,7970.1334470475,1,0.0002641703,12.2477037187
9898447,8.4606582973,0.0002137909,4077.2521358954,1,0.0001035672,4.1285448568
9935642,24.2440076336,0.0009838491,2684.4890133661,1,0.0005412348,3.6355722127
9941066,32.4812141836,0.0018806597,5448.2553543772,1,0.0009701633,3.876996205
9958962,15.1399288889,0.0020481358,5014.7268955052,1,0.0004936162,8.2984944646
10007916,26.4400215626,0.0012444695,5004.7411127797,1,0.0004431348,5.6166639599
10019399,10.9138724565,0.0006938473,3543.5594959011,1,0.0001579228,8.7871691028
10064256,33.4745235595,0.001362701,6154.3388574402,1,0.0003581831,7.6089642641
10064591,6.5684743158,0.0016509566,4777.9690244672,1,0.0002128301,15.5143170782
10073672,27.6478647849,0.0031493729,8050.9841135171,1,0.0010060087,6.2611248303
10098540,15.8181624647,0.0037452838,11809.8079011695,1,0.0010047607,7.455075914
10118266,18.8727065645,0.002189988,6819.4960316119,1,0.0006413568,6.8292348979
10118816,40.0225586402,0.0016792238,7840.6495801093,1,0.0007621906,4.4063092996
10130646,43.6972821708,0.0014032591,8208.0732964744,1,0.0002889333,9.713377396
10187159,36.0071373239,0.0010735092,3552.1346958307,1,0.0004225065,5.0816222352
10189542,26.5361687565,0.0005273374,2491.9029093675,1,0.0004033364,2.6148764366
10190777,22.9043998769,0.0051586193,12199.4679214804,1,0.0002725792,37.8504205087
10252275,26.6654564242,0.0005612197,3184.9286292244,1,0.0003174015,3.5363390155
10272640,4.0372369911,0.0039996615,4557.537367815,1,0.0013100877,6.1059447853
10330115,19.2038056995,0.0026585911,5503.4111169641,1,0.0009788831,5.4318865038
10336951,25.6952324441,0.0008486531,2965.7339862628,1,0.0004594695,3.6940563184
10384298,22.5761898069,0.0014118141,3692.3016619669,1,0.0001555054,18.1577484308
10387792,26.1870087398,0.0005168202,2553.8608113142,1,0.0003070369,3.3665024945
10388286,38.4751128872,0.0038014652,9834.9927303702,1,0.0005238423,14.5137763516
10454632,25.9493378472,0.002749243,7295.6837695819,1,0.000231532,23.7482740402
10464050,14.2528244719,0.0020307632,4721.7018117694,1,0.0004564016,8.8990190564
10525027,29.5044996683,0.0016498917,5206.6331729261,1,0.000309068,10.6765603409
10525049,30.3638540335,0.0026736312,9541.1784610596,1,0.0002768753,19.3128929949
10534155,4.5431383513,0.0006025467,7763.6616674593,1,0.0002091058,5.7630798254
10579570,17.5842087031,0.0014453312,7178.1437625004,1,0.0003005488,9.6179467719
10583761,14.6535069169,0.0003079365,1871.3492810117,1,0.000304795,2.0206134107
10591578,28.5056493078,0.0012481625,5197.0844385087,1,0.0003699959,6.7468998427
10657406,18.0332279128,0.0058684256,10702.5404650718,1,0.0003140438,37.3732931494
10662202,12.6035338966,0.0024838902,8089.9619201289,1,0.0006314892,7.8667707867
10737437,17.3336009335,0.000401997,2501.269320134,1,0.0002635357,3.0507966928
10788461,17.0857411989,0.0103664459,1770.233045877,1,0.0002957626,70.0997843902
10801100,9.3958532881,0.0002157774,7030.0622932817,1,0.0001557774,2.7703303625
10811496,6.8456340678,0.0041790066,5273.8870937618,1,0.0008822134,9.4739126866
10813078,33.0043081618,0.002851788,1500.5186671087,1,0.0009920744,5.7491414545
10842192,24.3789978397,0.0060074574,9916.6629288713,1,0.0012202606,9.8461875301
10858832,18.8240228067,0.0005277381,2403.5074267906,1,0.0003136548,3.36508873
10917681,14.7621973104,0.0003277369,1738.8729099989,1,0.000268377,2.4423616275
10973664,10.9134290196,0.0032467143,4492.4563218661,1,0.0004617131,14.0637738674
11030475,14.7423154815,0.0068388426,14642.8852089211,1,0.0007340498,18.6331838013
11129145,23.2668115199,0.0007944414,6323.2511922298,1,0.0002173578,7.3099867142
11137180,17.3748719926,0.0032630369,6284.1973159169,1,0.0006831135,9.5534249078
11145637,8.3667753762,0.0044687692,7394.1293475172,1,0.000851988,10.4902158923
11187837,40.6165842575,0.0020206453,6379.4867286682,1,0.0007489952,5.3956163342
11194032,40.5413676027,0.0006470779,3098.2419125543,1,0.0002612924,4.9529015999
11198419,11.5283508938,0.0105402572,8575.1970271757,1,0.0011716259,17.9925307721
11298298,14.234290496,0.0012853532,4612.6421529037,1,0.0001997059,12.8724603311
11348997,37.534064932,0.0026237382,5049.477685592,1,0.0007553631,6.9469584523
11357192,33.8816237114,0.0005424717,2505.3118165157,1,0.0002204271,4.9220059042
11391512,29.8579134459,0.001959436,5222.6714298446,1,0.0012198144,3.2126789626
11391957,18.791708094,0.0024563265,6695.1112051605,1,0.0007263222,6.7637375384
11401253,16.2902047719,0.0022090177,5524.3404030656,1,0.0001746007,25.3036456293
11410904,11.2383668173,0.0065356518,7765.3073951356,1,0.0006059109,21.5729808912
11414465,18.16791571,0.0054463637,9090.3128496216,1,0.0007340227,14.8397695153
11415243,26.0623075932,0.0020466607,3578.5143497066,1,0.0003491833,11.7225581823
11455428,11.3314384016,0.0069766474,16271.703361482,1,0.0004297928,32.4651668291
11462341,15.7159645859,0.0010839495,5951.0154225866,1,0.0003389281,6.3963388846
11565544,24.9343266607,0.0006857175,2371.3771375553,1,0.0004401212,3.1160394438
11569782,15.8296013185,0.0012323802,3855.8190746374,1,0.0004162547,5.9212790988
11570749,27.3654232164,0.0009789303,3511.4116127481,1,0.0003438007,5.6947547911
11601633,16.3132190473,0.0067657245,9609.9563252872,1,0.0004400053,30.7529254108
11655826,15.3522718929,0.0028458549,5777.136022411,1,0.0007814934,7.2831199692
11656840,10.4100521411,0.0025757404,8798.2777104333,1,0.0009984586,5.159433827
11657614,9.2217100198,0.0087073975,15990.0655241543,1,0.0005961948,29.2099062921
11670125,18.4257084927,0.0078141886,16686.8170381328,1,0.001134075,13.7807269107
11760231,25.9799028981,0.0015707524,5847.6122130013,1,0.000213386,14.7221722315
11818566,16.6989620021,0.0072421377,11408.2880870105,1,0.001064131,13.6113653407
11818800,11.7827444532,0.0126100605,8330.581494146,1,0.0011306479,22.3059010468
11818872,30.1324281442,0.0005038758,3340.7313126534,1,0.0002278731,4.4224252752
11819396,11.4201038922,0.0043183489,8978.9147630019,1,0.0006300103,13.7088206736
11875511,9.2724857941,0.0016680158,4337.5774706497,1,0.0003963534,8.416811861
11923270,36.0071367279,0.0042510205,8341.5103843218,1,0.0012495679,6.8039848212
11970050,14.6829907953,0.0027131647,5619.6760524823,1,0.0009721655,5.5816928807
11970988,33.5772074345,0.0003621923,2571.3424334363,1,0.0002334041,3.1035646428
12020329,41.7792735314,0.0007058698,3517.3794096708,1,0.0005980407,2.3606079392
12061969,19.2038068457,0.0076602425,13355.4740609041,1,0.0011770506,13.0159947302
12066569,18.1378123247,0.0019708268,7937.3610537162,1,0.0013667372,2.8839879545
12071775,9.8348334663,0.0011625396,4111.5906807592,1,0.000674672,3.446236328
12105086,12.1861535693,0.0020136605,6798.4460963103,1,0.0002225212,18.0985956788
12110901,14.9742406586,0.006882382,10242.3592690183,1,0.0005012382,27.461522961
12115188,29.0349331225,0.0007507705,3528.4533979583,1,0.0004848663,3.0968147226
12156347,29.5045015824,0.0072900762,14802.6670532522,1,0.0009393412,15.5216793245
12170648,23.4644580334,0.004244081,12840.4394505134,1,0.0006169343,13.7586148896
12314973,10.4337453644,0.0001107073,3928.2614831474,1,0.0001049566,2.1095824152
12350136,14.3744850529,0.00484952,19713.6288165189,1,0.0005876447,16.5049386543
12405333,13.5304946731,0.0022528387,5681.7785542516,1,0.0007827573,5.7561614944
12469800,23.5401503342,0.001526851,4168.699820703,1,0.0009093989,3.3579346424
12505590,23.2156317018,0.0020178741,5512.8650901906,1,0.0008559025,4.7151959952
12554212,25.888425146,0.0028071075,10808.8015774404,1,0.0002865764,19.5906424311
12557548,22.8999377052,0.0072558904,12780.0575729414,1,0.0016099229,9.0139599135
12644822,23.5148666266,0.0012151126,3213.4103282004,1,0.0008321504,2.9204158264
